thisRow.t,notes,subid,session,run,trial.system.time,trial.number,trial.type,Tgt.OnsetTime,trial.target_dur,trial.reward,Fix_after_target.OnsetTime,Fix_ITI.OnsetTime,Fix_ITI.Duration,time.trial,time.global,Winnings,MRT,Cue.OnsetTime,Dly.OnsetTime,Tgt.ACC,Tgt.ACCfeedback,total_earnings,Fb.OnsetTime,participant,session,fMRI? (yes or no),fMRI trigger on TTL? (yes or no),fMRI reverse screen? (yes or no),start run (0-2),date,expName,frameRate,
,,9999,1,0,Sun Nov 10 12:12:06 2024,1,loss.low,5.013441169998259,0.5,-1.5,5.531371678000141,9.01369856200472,2,6.000866185997438,11.01394363000145,-1.5,,,,,,,,9999,1,yes,no,no,0,2024-11-10_12h11.38.107,MID1.1,59.93531181642252,
,,9999,1,0,Sun Nov 10 12:12:12 2024,2,reward.low,11.0146172570021,0.5,,11.533807214000262,15.03004797000176,4,8.016700910004147,19.031089436997718,-1.5,,,,,,,,9999,1,yes,no,no,0,2024-11-10_12h11.38.107,MID1.1,59.93531181642252,
,,9999,1,0,Sun Nov 10 12:12:20 2024,3,reward.neut,19.031755898002302,0.5,,19.55160339199938,23.046902086003684,2,6.015500595996855,25.046996668999782,-1.5,,,,,,,,9999,1,yes,no,no,0,2024-11-10_12h11.38.107,MID1.1,59.93531181642252,
,,9999,1,0,Sun Nov 10 12:12:26 2024,4,reward.high,25.047398850998434,0.5,,25.550686243004748,29.031882602001133,6,10.001066490003723,35.04835282499698,-1.5,,,,,,,,9999,1,yes,no,no,0,2024-11-10_12h11.38.107,MID1.1,59.93531181642252,
,,9999,1,0,Sun Nov 10 12:12:36 2024,5,loss.low,35.04902877800487,0.52,-1.5,35.58469998700457,39.04811419700127,6,9.99969063699973,45.048455368996656,-3.0,,,,,,,,9999,1,yes,no,no,0,2024-11-10_12h11.38.107,MID1.1,59.93531181642252,
,,9999,1,0,Sun Nov 10 12:12:46 2024,6,loss.neut,45.048853414002224,0.5,-0.0,45.56710039400059,49.049178631998075,2,6.016383529997256,51.065108697999676,-3.0,,,,,,,,9999,1,yes,no,no,0,2024-11-10_12h11.38.107,MID1.1,59.93531181642252,
,,9999,1,0,Sun Nov 10 12:12:52 2024,7,reward.low,51.065484906001075,0.52,,51.60049683300167,55.06715296200127,6,10.017468306999945,61.08282709799823,-3.0,,,,,,,,9999,1,yes,no,no,0,2024-11-10_12h11.38.107,MID1.1,59.93531181642252,
,,9999,1,0,Sun Nov 10 12:13:02 2024,8,reward.high,61.083226406000904,0.52,,61.618966387999535,65.08355194400065,6,10.000967995001702,71.08407744499709,-3.0,,,,,,,,9999,1,yes,no,no,0,2024-11-10_12h11.38.107,MID1.1,59.93531181642252,
,,9999,1,0,Sun Nov 10 12:13:12 2024,9,loss.neut,71.08476570700441,0.52,-0.0,71.62017154500063,75.08423812300316,4,8.000086716005171,79.08458888599853,-3.0,,,,,,,,9999,1,yes,no,no,0,2024-11-10_12h11.38.107,MID1.1,59.93531181642252,
,,9999,1,0,Sun Nov 10 12:13:20 2024,10,loss.high,79.08516702600173,0.5,-5.0,79.59276161299931,83.0846301490019,6,10.000357157994586,89.08531625999603,-8.0,,,,,,,,9999,1,yes,no,no,0,2024-11-10_12h11.38.107,MID1.1,59.93531181642252,
,,9999,1,0,Sun Nov 10 12:13:30 2024,11,loss.neut,89.08597940300388,0.54,-0.0,89.63889154900244,93.08522522400017,4,8.000022521999199,97.08574271199905,-8.0,,,,,,,,9999,1,yes,no,no,0,2024-11-10_12h11.38.107,MID1.1,59.93531181642252,
,,9999,1,0,Sun Nov 10 12:13:38 2024,12,reward.high,97.08638593100477,0.54,,97.64031136000267,101.08696170199983,2,6.016779620993475,103.10294416899706,-8.0,,,,,,,,9999,1,yes,no,no,0,2024-11-10_12h11.38.107,MID1.1,59.93531181642252,
,,9999,1,0,Sun Nov 10 12:13:44 2024,13,loss.low,103.10360373800359,0.54,-1.5,103.65591715300252,107.10443700900214,4,8.016424308996648,111.11977850299445,-9.5,,,,,,,,9999,1,yes,no,no,0,2024-11-10_12h11.38.107,MID1.1,59.93531181642252,
,,9999,1,0,Sun Nov 10 12:13:52 2024,14,reward.neut,111.12020912000298,0.52,,111.656066870004,115.1199659000049,4,8.000444271005108,119.12056035099522,-9.5,,,,,,,,9999,1,yes,no,no,0,2024-11-10_12h11.38.107,MID1.1,59.93531181642252,
,,9999,1,0,Sun Nov 10 12:14:00 2024,15,loss.high,119.1212512839993,0.52,-5.0,119.65615659600007,123.1208033389994,6,9.999904723998043,129.12092880099954,-14.5,0.516,,,,,,,9999,1,yes,no,no,0,2024-11-10_12h11.38.107,MID1.1,59.93531181642252,
,,9999,1,0,Sun Nov 10 12:22:01 2024,1,loss.low,5.0141339209949365,0.5,-1.5,5.531238163996022,9.012725025997497,4,8.000123007004731,13.013910000998294,-1.5,,,,,,,,9999,1,yes,no,no,0,2024-11-10_12h11.38.107,MID1.1,59.93531181642252,
,,9999,1,0,Sun Nov 10 12:22:09 2024,2,reward.low,13.014640691995737,0.5,,13.53116064799542,17.01278733000072,6,9.9988262629995,23.013202396999986,-1.5,,,,,,,,9999,1,yes,no,no,0,2024-11-10_12h11.38.107,MID1.1,59.93531181642252,
,,9999,1,0,Sun Nov 10 12:22:19 2024,3,reward.neut,23.013695663998078,0.5,,23.515831557000638,26.996887025001342,6,9.984020521995262,32.99755967899546,-1.5,,,,,,,,9999,1,yes,no,no,0,2024-11-10_12h11.38.107,MID1.1,59.93531181642252,
,,9999,1,0,Sun Nov 10 12:22:29 2024,4,reward.high,32.99806745100068,0.5,,33.516447192996566,36.9985681879989,2,6.016397353996581,39.014281680996646,-1.5,,,,,,,,9999,1,yes,no,no,0,2024-11-10_12h11.38.107,MID1.1,59.93531181642252,
,,9999,1,0,Sun Nov 10 12:22:35 2024,5,loss.low,39.01468577799824,0.52,-1.5,39.55349543599732,43.0148527909987,2,6.000538418003998,45.01509727299708,-3.0,,,,,,,,9999,1,yes,no,no,0,2024-11-10_12h11.38.107,MID1.1,59.93531181642252,
,,9999,1,0,Sun Nov 10 12:22:41 2024,6,loss.neut,45.01559126999928,0.5,-0.0,45.53374238299875,49.015867406000325,4,8.01668062400131,53.032092938999995,-3.0,,,,,,,,9999,1,yes,no,no,0,2024-11-10_12h11.38.107,MID1.1,59.93531181642252,
,,9999,1,0,Sun Nov 10 12:22:49 2024,7,reward.low,53.03272352899512,0.52,,53.56838773799973,57.03288307599723,6,10.00119427699974,63.03368171300099,-3.0,,,,,,,,9999,1,yes,no,no,0,2024-11-10_12h11.38.107,MID1.1,59.93531181642252,
,,9999,1,0,Sun Nov 10 12:22:59 2024,8,reward.high,63.034370124994894,0.52,,63.571500758000184,67.03316092200112,4,7.999720995998359,71.03386040799523,-3.0,,,,,,,,9999,1,yes,no,no,0,2024-11-10_12h11.38.107,MID1.1,59.93531181642252,
,,9999,1,0,Sun Nov 10 12:23:07 2024,9,loss.neut,71.03458412499458,0.52,-0.0,71.57210278799903,75.03388246899704,2,5.999644152005203,77.03393647699704,-3.0,,,,,,,,9999,1,yes,no,no,0,2024-11-10_12h11.38.107,MID1.1,59.93531181642252,
,,9999,1,0,Sun Nov 10 12:23:13 2024,10,loss.high,77.03468685699772,0.5,-5.0,77.53809348099458,81.01824638099788,6,10.000035666002077,87.03437261399813,-8.0,,,,,,,,9999,1,yes,no,no,0,2024-11-10_12h11.38.107,MID1.1,59.93531181642252,
,,9999,1,0,Sun Nov 10 12:23:23 2024,11,loss.neut,87.03490244400018,0.54,-0.0,87.58690967699658,91.03489595399878,6,10.0004713849994,97.03519086999586,-8.0,,,,,,,,9999,1,yes,no,no,0,2024-11-10_12h11.38.107,MID1.1,59.93531181642252,
,,9999,1,0,Sun Nov 10 12:23:33 2024,12,reward.high,97.03571842599922,0.54,,97.58727470500162,101.03641013099696,2,6.017098846001318,103.05263661899517,-8.0,,,,,,,,9999,1,yes,no,no,0,2024-11-10_12h11.38.107,MID1.1,59.93531181642252,
,,9999,1,0,Sun Nov 10 12:23:39 2024,13,loss.low,103.05314601699502,0.54,-1.5,103.60517614499986,107.05356231399492,2,6.0012670700016315,109.05425064000156,-9.5,,,,,,,,9999,1,yes,no,no,0,2024-11-10_12h11.38.107,MID1.1,59.93531181642252,
,,9999,1,0,Sun Nov 10 12:23:45 2024,14,reward.neut,109.05521774999943,0.52,,109.625776795001,113.08662126999843,4,8.04865605699888,117.10356791099912,-9.5,,,,,,,,9999,1,yes,no,no,0,2024-11-10_12h11.38.107,MID1.1,59.93531181642252,
,,9999,1,0,Sun Nov 10 12:23:53 2024,15,loss.high,117.10407437799586,0.52,-5.0,117.63898233800137,121.10391236799478,2,6.016402715002187,123.12030364899692,-14.5,0.516,,,,,,,9999,1,yes,no,no,0,2024-11-10_12h11.38.107,MID1.1,59.93531181642252,
,,9999,1,1,Sun Nov 10 12:25:39 2024,1,reward.high,9.464918475001468,0.55,,10.018773390002025,13.030331586000102,6,14.017953772003239,236.8616942180015,0,,5.012754663002852,9.464370195004449,0,"Miss!
$0.00",0,11.040741688004346,9999,1,yes,no,no,0,2024-11-10_12h11.38.107,MID1.1,59.93531181642252,
,,9999,1,1,Sun Nov 10 12:25:53 2024,2,reward.neut,23.047446270000364,0.55,,23.60005744400405,27.031269309998606,2,10.000257696003246,246.86233624199667,0,,19.031097815000976,23.04719283200393,0,"Miss!
$0.00",0,25.0310344669997,9999,1,yes,no,no,0,2024-11-10_12h11.38.107,MID1.1,59.93531181642252,
,,9999,1,1,Sun Nov 10 12:26:03 2024,3,loss.low,33.332057432999136,0.55,-1.5,33.90140092300135,37.0649940459989,6,14.034270011994522,260.89695809299883,-1.5,,29.03170509800111,33.331763492999016,0,"Miss!
-$1.50",-1.5,35.07221603899961,9999,1,yes,no,no,0,2024-11-10_12h11.38.107,MID1.1,59.93531181642252,
,,9999,1,1,Sun Nov 10 12:26:17 2024,4,loss.high,47.5003001139994,0.55,-5.0,48.06932229499944,51.09973648899904,6,14.033624736002821,274.93096356099704,-6.5,,43.06636814199737,47.499918949004496,0,"Miss!
-$5.00",-6.5,49.10259906200372,9999,1,yes,no,no,0,2024-11-10_12h11.38.107,MID1.1,59.93531181642252,
,,9999,1,1,Sun Nov 10 12:26:31 2024,5,loss.low,61.35100647799845,0.57,-1.5,61.93690111199976,65.1345419240024,6,14.050627495002118,288.98185058299714,-8.0,,57.10024527399946,61.350664265002706,0,"Miss!
-$1.50",-8.0,63.13711148400034,9999,1,yes,no,no,0,2024-11-10_12h11.38.107,MID1.1,59.93531181642252,
,,9999,1,1,Sun Nov 10 12:26:45 2024,6,reward.low,75.6180733220026,0.55,,76.17014046099939,79.16802820799785,6,14.018093741993653,303.00022492800053,-8.0,,71.1511442320043,75.61778936000337,0,"Miss!
$0.00",-8.0,77.17130041900236,9999,1,yes,no,no,0,2024-11-10_12h11.38.107,MID1.1,59.93531181642252,
,,9999,1,1,Sun Nov 10 12:26:59 2024,7,loss.neut,89.46924040600425,0.55,-0.0,90.02174320100312,93.20246648399916,2,10.033939184999326,313.0346312719994,-8.0,,85.16971409800317,89.46894480600167,0,"Miss!
-$0.00",-8.0,91.19272158200329,9999,1,yes,no,no,0,2024-11-10_12h11.38.107,MID1.1,59.93531181642252,
,,9999,1,1,Sun Nov 10 12:27:09 2024,8,reward.high,99.4198186959984,0.57,,100.00458599400008,103.25280255699909,6,14.050073262995284,327.0851696499958,-8.0,,95.20412164500158,99.4195385300045,0,"Miss!
$0.00",-8.0,101.24358214100357,9999,1,yes,no,no,0,2024-11-10_12h11.38.107,MID1.1,59.93531181642252,
,,9999,1,1,Sun Nov 10 12:27:23 2024,9,loss.low,113.4873174020031,0.59,-1.5,114.08991114800301,117.3044705900029,2,10.0505575480056,337.13615321499674,-9.5,,109.25461913699837,113.48705396900186,0,"Miss!
-$1.50",-9.5,115.29351497199968,9999,1,yes,no,no,0,2024-11-10_12h11.38.107,MID1.1,59.93531181642252,
,,9999,1,1,Sun Nov 10 12:27:33 2024,10,reward.high,123.70494047900138,0.59,,124.30712494999898,127.33772631300235,4,12.032554213998083,349.1691461579976,-9.5,,119.30561942200438,123.70470052499877,0,"Miss!
$0.00",-9.5,125.32476310600032,9999,1,yes,no,no,0,2024-11-10_12h11.38.107,MID1.1,59.93531181642252,
,,9999,1,1,Sun Nov 10 12:27:45 2024,11,loss.neut,135.6058372710031,0.57,-0.0,136.190794741,139.37196008700266,2,10.03428416299721,359.2037457799961,-9.5,,131.33847856400098,135.60549383299804,0,"Miss!
-$0.00",-9.5,137.36211224699946,9999,1,yes,no,no,0,2024-11-10_12h11.38.107,MID1.1,59.93531181642252,
,,9999,1,1,Sun Nov 10 12:27:55 2024,12,loss.high,145.75675199800025,0.57,-5.0,146.34350205100054,149.42300679800246,2,10.050063618997228,369.2541857749966,-14.5,,141.37314453600266,145.75640189000114,0,"Miss!
-$5.00",-14.5,147.41295572200033,9999,1,yes,no,no,0,2024-11-10_12h11.38.107,MID1.1,59.93531181642252,
,,9999,1,1,Sun Nov 10 12:28:05 2024,13,loss.neut,155.84083786200063,0.59,-0.0,156.44457000499824,159.45747123200272,2,10.050021012000798,379.30454304900195,-14.5,,151.4235471619977,155.8404917049993,0,"Miss!
-$0.00",-14.5,157.4493853669992,9999,1,yes,no,no,0,2024-11-10_12h11.38.107,MID1.1,59.93531181642252,
,,9999,1,1,Sun Nov 10 12:28:15 2024,14,loss.high,165.95810237000114,0.59,-5.0,166.56354977699812,169.52486089299782,4,12.051838745006535,391.35670295100135,-19.5,,161.47387219300435,165.95785002499906,0,"Miss!
-$5.00",-19.5,167.51492918700387,9999,1,yes,no,no,0,2024-11-10_12h11.38.107,MID1.1,59.93531181642252,
,,9999,1,1,Sun Nov 10 12:28:27 2024,15,loss.low,177.99221128700447,0.61,-1.5,178.6126410959987,181.5421037720007,4,12.016549842999666,403.3737897940009,-21.0,,173.5262691099997,177.99181884500285,0,"Miss!
-$1.50",-21.0,179.54516390200297,9999,1,yes,no,no,0,2024-11-10_12h11.38.107,MID1.1,59.93531181642252,
,,9999,1,1,Sun Nov 10 12:28:39 2024,16,loss.high,189.75939474000188,0.61,-5.0,190.38048973800323,193.57580131699797,4,12.032938566997473,415.4070528759985,-26.0,,185.54313383800036,189.75909552300436,0,"Miss!
-$5.00",-26.0,191.57964651200018,9999,1,yes,no,no,0,2024-11-10_12h11.38.107,MID1.1,59.93531181642252,
,,9999,1,1,Sun Nov 10 12:28:51 2024,17,reward.high,201.97685198699764,0.61,,202.59603155199875,205.5774006990032,4,12.017217971006176,427.4245551240019,-26.0,,197.57635671000025,201.97653735500353,0,"Miss!
$0.00",-26.0,203.5835113180001,9999,1,yes,no,no,0,2024-11-10_12h11.38.107,MID1.1,59.93531181642252,
,,9999,1,1,Sun Nov 10 12:29:03 2024,18,loss.neut,213.6110164280035,0.61,-0.0,214.23296519600262,217.6112020340006,6,14.018403280999337,441.4432577100015,-26.0,,209.59386780299974,213.6107284059981,0,"Miss!
-$0.00",-26.0,215.61484551700414,9999,1,yes,no,no,0,2024-11-10_12h11.38.107,MID1.1,59.93531181642252,
,,9999,1,1,Sun Nov 10 12:29:17 2024,19,reward.high,227.87925987500057,0.63,,228.5163003780035,231.62871049800015,2,10.016801119003503,451.4605248529988,-26.0,,223.6127397550008,227.87884861900238,0,"Miss!
$0.00",-26.0,229.6319467630019,9999,1,yes,no,no,0,2024-11-10_12h11.38.107,MID1.1,59.93531181642252,
,,9999,1,1,Sun Nov 10 12:29:27 2024,20,reward.neut,237.72893937100162,0.57,,238.31435199199768,241.66363613199792,2,10.049222949004616,461.5101851759973,-26.0,,233.62998487100413,237.72868124800152,0,"Miss!
$0.00",-26.0,239.66353196099953,9999,1,yes,no,no,0,2024-11-10_12h11.38.107,MID1.1,59.93531181642252,
,,9999,1,1,Sun Nov 10 12:29:37 2024,21,reward.high,247.9132666250007,0.65,,248.58257704399875,251.73082657700434,2,10.06700944199838,471.5775885510011,-26.0,,243.6796014510037,247.91299830799835,0,"Miss!
$0.00",-26.0,249.7142019239982,9999,1,yes,no,no,0,2024-11-10_12h11.38.107,MID1.1,59.93531181642252,
,,9999,1,1,Sun Nov 10 12:29:47 2024,22,loss.low,258.1649165569979,0.63,-1.5,258.79974595300155,261.76404242800345,2,10.018061745999148,481.5959669520016,-27.5,,253.74692344500363,258.16457565499877,0,"Miss!
-$1.50",-27.5,259.7673067630021,9999,1,yes,no,no,0,2024-11-10_12h11.38.107,MID1.1,59.93531181642252,
,,9999,1,1,Sun Nov 10 12:29:57 2024,23,reward.low,267.89863786599744,0.57,,268.4858496259985,271.79858102899743,6,14.049693498003762,495.64607962499576,-27.5,,263.76541323400306,267.89818374699826,0,"Miss!
$0.00",-27.5,269.80298190800386,9999,1,yes,no,no,0,2024-11-10_12h11.38.107,MID1.1,59.93531181642252,
,,9999,1,1,Sun Nov 10 12:30:11 2024,24,loss.neut,282.0322326230016,0.63,-0.0,282.66752900600113,285.8324849560013,4,12.034109868000087,507.68048409799667,-27.5,,277.81539310500375,282.0319793919989,0,"Miss!
-$0.00",-27.5,283.823020722004,9999,1,yes,no,no,0,2024-11-10_12h11.38.107,MID1.1,59.93531181642252,
,,9999,1,1,Sun Nov 10 12:30:24 2024,25,reward.neut,294.3503190429983,0.59,,294.95199555800355,297.8848659110008,2,10.050027379002131,517.7308781870015,-27.5,,289.84987319399806,294.3500357230005,0,"Miss!
$0.00",-27.5,295.8886677429982,9999,1,yes,no,no,0,2024-11-10_12h11.38.107,MID1.1,59.93531181642252,
,,9999,1,1,Sun Nov 10 12:30:34 2024,26,reward.neut,304.4012754459982,0.61,,305.02211328499834,307.9336788639994,6,14.033993518001807,531.7652258620001,-27.5,,299.90025550800055,304.4010636009989,0,"Miss!
$0.00",-27.5,305.9176093770002,9999,1,yes,no,no,0,2024-11-10_12h11.38.107,MID1.1,59.93531181642252,
,,9999,1,1,Sun Nov 10 12:30:48 2024,27,reward.neut,318.4190611189988,0.63,,319.0540448920001,321.96822076399985,2,10.033829855005024,541.7993931999954,-27.5,,313.9345768380008,318.41884197299805,0,"Miss!
$0.00",-27.5,319.95202122000046,9999,1,yes,no,no,0,2024-11-10_12h11.38.107,MID1.1,59.93531181642252,
,,9999,1,1,Sun Nov 10 12:30:58 2024,28,reward.neut,328.06977700199786,0.65,,328.7263917079981,331.98558253300143,4,12.017239512002561,553.817045279,-27.5,,323.9688313700026,328.0695627910027,0,"Miss!
$0.00",-27.5,329.98493514800066,9999,1,yes,no,no,0,2024-11-10_12h11.38.107,MID1.1,59.93531181642252,
,,9999,1,1,Sun Nov 10 12:31:10 2024,29,loss.neut,340.02037389900215,0.65,-0.0,340.6877734160007,344.0207674550038,4,12.050944392998645,565.8683479789979,-27.5,,335.9864148659981,340.02001826700143,0,"Miss!
-$0.00",-27.5,342.0101864579992,9999,1,yes,no,no,0,2024-11-10_12h11.38.107,MID1.1,59.93531181642252,
,,9999,1,1,Sun Nov 10 12:31:22 2024,30,reward.neut,352.30466244200215,0.67,,352.9919794939997,356.0868416880039,2,10.049496602005092,575.9183219879997,-27.5,,348.0378547029977,352.3042694859978,0,"Miss!
$0.00",-27.5,354.077330979002,9999,1,yes,no,no,0,2024-11-10_12h11.38.107,MID1.1,59.93531181642252,
,,9999,1,1,Sun Nov 10 12:31:32 2024,31,loss.low,362.2376160299973,0.65,-1.5,362.9061727740045,366.1208664080041,2,10.03456052900583,585.9532605599961,-29.0,,358.0877012409983,362.23736885900144,0,"Miss!
-$1.50",-29.0,364.112218414004,9999,1,yes,no,no,0,2024-11-10_12h11.38.107,MID1.1,59.93531181642252,
,,9999,1,1,Sun Nov 10 12:31:42 2024,32,reward.low,372.42185705099837,0.59,,373.02667903999827,376.1397041550008,6,14.017138486997283,599.9709614870007,-29.0,,368.122848523999,372.4215894279987,0,"Miss!
$0.00",-29.0,374.14199210300285,9999,1,yes,no,no,0,2024-11-10_12h11.38.107,MID1.1,59.93531181642252,
,,9999,1,1,Sun Nov 10 12:31:56 2024,33,reward.neut,386.63950920299976,0.69,,387.3430314490033,390.1726947060015,4,12.03256723099912,612.0039641139956,-29.0,,382.1404203799975,386.63923957000225,0,"Miss!
$0.00",-29.0,388.15621707699756,9999,1,yes,no,no,0,2024-11-10_12h11.38.107,MID1.1,59.93531181642252,
,,9999,1,1,Sun Nov 10 12:32:08 2024,34,reward.low,398.5743223890022,0.61,,399.1945774120031,402.2081116499976,4,12.051087929998175,624.0553948829984,-29.0,,394.1733282069981,398.5740008049979,0,"Miss!
$0.00",-29.0,400.1914057460017,9999,1,yes,no,no,0,2024-11-10_12h11.38.107,MID1.1,59.93531181642252,
,,9999,1,1,Sun Nov 10 12:32:20 2024,35,loss.high,410.3914304589998,0.63,-5.0,411.0288574389997,414.2581533039993,2,10.034278642000572,634.0900691939969,-34.0,,406.22481301699736,410.39106039100443,0,"Miss!
-$5.00",-34.0,412.2487651600022,9999,1,yes,no,no,0,2024-11-10_12h11.38.107,MID1.1,59.93531181642252,
,,9999,1,1,Sun Nov 10 12:32:30 2024,36,loss.high,420.39246440699935,0.65,-5.0,421.0613616749979,424.30839492200175,6,14.04916571600188,648.1396750599961,-39.0,,416.259538778002,420.39221332200395,0,"Miss!
-$5.00",-39.0,422.2917801479998,9999,1,yes,no,no,0,2024-11-10_12h11.38.107,MID1.1,59.93531181642252,
,,9999,1,1,Sun Nov 10 12:32:44 2024,37,reward.high,434.7927020240022,0.67,,435.47822201400413,438.3270008170002,4,12.034243746005814,660.1742099830008,-39.0,,430.3089780950031,434.7924268700008,0,"Miss!
$0.00",-39.0,436.3288918679973,9999,1,yes,no,no,0,2024-11-10_12h11.38.107,MID1.1,59.93531181642252,
,,9999,1,1,Sun Nov 10 12:32:56 2024,38,loss.high,446.7771600909982,0.67,-5.0,447.4634993430009,450.36130843299907,4,12.033408772003895,672.2079394920002,-44.0,,442.3435535300014,446.7768182610016,0,"Miss!
-$5.00",-44.0,448.3642575519989,9999,1,yes,no,no,0,2024-11-10_12h11.38.107,MID1.1,59.93531181642252,
,,9999,1,1,Sun Nov 10 12:33:08 2024,39,loss.low,458.5442917929977,0.67,-1.5,459.2321430000011,462.39540866400057,6,14.03423846700025,686.2424795059997,-45.5,,454.37726230800035,458.5440238459996,0,"Miss!
-$1.50",-45.5,460.40058094599954,9999,1,yes,no,no,0,2024-11-10_12h11.38.107,MID1.1,59.93531181642252,
,,9999,1,1,Sun Nov 10 12:33:22 2024,40,reward.low,472.8122571290005,0.63,,473.44875191699975,476.42868550099956,6,14.017394841997884,700.2601830819985,-45.5,,468.4118074290018,472.81197943299776,0,"Miss!
$0.00",-45.5,474.42064343400125,9999,1,yes,no,no,0,2024-11-10_12h11.38.107,MID1.1,59.93531181642252,
,,9999,1,1,Sun Nov 10 12:33:36 2024,41,reward.low,486.47974005300057,0.65,,487.14939839400176,490.46431554000446,4,12.050716433004709,712.3112377340003,-45.5,,482.42954522200307,486.4795428340003,0,"Miss!
$0.00",-45.5,488.4629386660017,9999,1,yes,no,no,0,2024-11-10_12h11.38.107,MID1.1,59.93531181642252,
,,9999,1,1,Sun Nov 10 12:33:48 2024,42,loss.low,498.5649975819979,0.69,-1.5,499.26857558300253,502.51399188300275,6,14.034982129996934,726.3465824529994,-47.0,,494.48062127300363,498.5646549390003,0,"Miss!
-$1.50",-47.0,500.50032072100294,9999,1,yes,no,no,0,2024-11-10_12h11.38.107,MID1.1,59.93531181642252,
,,9999,1,1,Sun Nov 10 12:34:02 2024,43,loss.high,512.6813640879991,0.69,-5.0,513.384701078001,516.5485252760045,4,12.049548233000678,738.3964559679953,-52.0,,508.5159264039976,512.6811094220029,0,"Miss!
-$5.00",-52.0,514.539122082002,9999,1,yes,no,no,0,2024-11-10_12h11.38.107,MID1.1,59.93531181642252,
,,9999,1,1,Sun Nov 10 12:34:14 2024,44,loss.neut,524.633576004002,0.67,-0.0,525.320946920001,528.599002574003,6,14.03451889599819,752.431341700998,-52.0,,520.5658439519975,524.6332154699994,0,"Miss!
-$0.00",-52.0,526.6020940300004,9999,1,yes,no,no,0,2024-11-10_12h11.38.107,MID1.1,59.93531181642252,
,,9999,1,1,Sun Nov 10 12:34:28 2024,45,reward.low,538.6512971580014,0.67,,539.3368668219991,542.6333316450036,4,12.033257568997215,764.4651105289959,-52.0,,534.6008662890017,538.6509256810023,0,"Miss!
$0.00",-52.0,540.6205952419987,9999,1,yes,no,no,0,2024-11-10_12h11.38.107,MID1.1,59.93531181642252,
,,9999,1,1,Sun Nov 10 12:34:40 2024,46,reward.low,551.1338366819982,0.69,,551.8377553579994,554.667801980002,6,14.049848014001327,778.5155242909968,-52.0,,546.6347157700002,551.1337008940027,0,"Miss!
$0.00",-52.0,552.6672025660009,9999,1,yes,no,no,0,2024-11-10_12h11.38.107,MID1.1,59.93531181642252,
,,9999,1,1,Sun Nov 10 12:34:54 2024,47,loss.neut,564.8031399300016,0.69,-0.0,565.5054720859989,568.718634926001,4,12.034267055001692,790.5500676859956,-52.0,,560.6848156089982,564.8027480860037,0,"Miss!
-$0.00",-52.0,566.7216424650032,9999,1,yes,no,no,0,2024-11-10_12h11.38.107,MID1.1,59.93531181642252,
,,9999,1,1,Sun Nov 10 12:35:06 2024,48,reward.high,577.0859763499975,0.69,,577.7882580619989,580.7534213050021,2,10.050059158995282,800.6006138890007,-52.0,0.6200000000000001,572.7195692919995,577.0856371560003,0,"Miss!
$0.00",-52.0,578.758993909003,9999,1,yes,no,no,0,2024-11-10_12h11.38.107,MID1.1,59.93531181642252,
,,9999,1,2,Sun Nov 10 13:07:33 2024,1,loss.low,9.290594166996016,0.71,-1.5,10.012168080000265,13.024595275994216,6,14.017387025000062,2750.9849345729963,-53.5,,5.023191550993943,9.290085341999657,0,"Miss!
-$1.50",-53.5,11.026815808996616,9999,1,yes,no,no,0,2024-11-10_12h11.38.107,MID1.1,59.93531181642252,
,,9999,1,2,Sun Nov 10 13:07:47 2024,2,reward.high,23.22451383299631,0.71,,23.944823080993956,27.057659625999804,2,10.016998984996462,2761.0022251109986,-53.5,,19.040867267998692,23.22417675399629,0,"Miss!
$0.00",-53.5,25.04469752699515,9999,1,yes,no,no,0,2024-11-10_12h11.38.107,MID1.1,59.93531181642252,
,,9999,1,2,Sun Nov 10 13:07:57 2024,3,reward.low,33.27529378699546,0.71,,33.99574147599924,37.07602022100036,4,12.034241756999108,2773.036748535,-53.5,,29.05813914999453,33.27499654699932,0,"Miss!
$0.00",-53.5,35.07514239900047,9999,1,yes,no,no,0,2024-11-10_12h11.38.107,MID1.1,59.93531181642252,
,,9999,1,2,Sun Nov 10 13:08:09 2024,4,reward.high,45.32719157399697,0.73,,46.063184804996126,49.109575379996386,4,12.017576975995325,2785.054724681999,-53.5,,41.092785464999906,45.32681431999663,0,"Miss!
$0.00",-53.5,47.10936256199784,9999,1,yes,no,no,0,2024-11-10_12h11.38.107,MID1.1,59.93531181642252,
,,9999,1,2,Sun Nov 10 13:08:21 2024,5,reward.neut,57.14366422299645,0.71,,57.86516030599887,61.12758170400048,2,10.017345608997857,2795.0725223539994,-53.5,,53.110818226996344,57.14328278799803,0,"Miss!
$0.00",-53.5,59.12698266199732,9999,1,yes,no,no,0,2024-11-10_12h11.38.107,MID1.1,59.93531181642252,
,,9999,1,2,Sun Nov 10 13:08:31 2024,6,loss.high,67.5271171409986,0.71,-5.0,68.24986222799635,71.14554167099413,4,12.032438332003949,2807.1054786469977,-58.5,,63.12868902199989,67.526907432999,0,"Miss!
-$5.00",-58.5,69.14752283800044,9999,1,yes,no,no,0,2024-11-10_12h11.38.107,MID1.1,59.93531181642252,
,,9999,1,2,Sun Nov 10 13:08:43 2024,7,reward.low,79.24633163199906,0.73,,79.98111359999893,83.19562994999433,6,14.05043029999797,2821.1562227219983,-58.5,,75.16143194699544,79.24562117599999,0,"Miss!
$0.00",-58.5,81.18591606900009,9999,1,yes,no,no,0,2024-11-10_12h11.38.107,MID1.1,59.93531181642252,
,,9999,1,2,Sun Nov 10 13:08:57 2024,8,reward.low,93.64640493600018,0.75,,94.4157929369976,97.26328501099488,6,14.05125011200289,2835.2077992060003,-58.5,,89.212192864994,93.6462009579991,0,"Miss!
$0.00",-58.5,95.24719170399476,9999,1,yes,no,no,0,2024-11-10_12h11.38.107,MID1.1,59.93531181642252,
,,9999,1,2,Sun Nov 10 13:09:11 2024,9,reward.neut,107.69687579499441,0.73,,108.43280111299828,111.28035665399511,4,12.033643693997874,2847.241726212,-58.5,,103.2637229979955,107.69658622099814,0,"Miss!
$0.00",-58.5,109.26370755199605,9999,1,yes,no,no,0,2024-11-10_12h11.38.107,MID1.1,59.93531181642252,
,,9999,1,2,Sun Nov 10 13:09:23 2024,10,reward.low,119.69746534599835,0.77,,120.48416077699949,123.34807922799519,6,14.051408765000815,2861.2934226139987,-58.5,,115.29765023599612,119.69724865199532,0,"Miss!
$0.00",-58.5,121.33157646399923,9999,1,yes,no,no,0,2024-11-10_12h11.38.107,MID1.1,59.93531181642252,
,,9999,1,2,Sun Nov 10 13:09:37 2024,11,reward.neut,133.8152357029976,0.75,,134.56744627699663,137.38192801799596,6,14.034243060996232,2875.3280855699995,-58.5,,129.34948311100015,133.81499391499528,0,"Miss!
$0.00",-58.5,135.3654538069968,9999,1,yes,no,no,0,2024-11-10_12h11.38.107,MID1.1,59.93531181642252,
,,9999,1,2,Sun Nov 10 13:09:51 2024,12,loss.low,147.5333694209985,0.73,-1.5,148.26921887099888,151.41609671699553,2,10.033525409999129,2885.362078225997,-60.0,,143.38419478499418,147.53296234899608,0,"Miss!
-$1.50",-60.0,149.40677179799968,9999,1,yes,no,no,0,2024-11-10_12h11.38.107,MID1.1,59.93531181642252,
,,9999,1,2,Sun Nov 10 13:10:01 2024,13,loss.low,157.53437001600105,0.75,-1.5,158.28913582699897,161.4340933669955,2,10.032970519001537,2895.395507068999,-61.5,,153.41818225099996,157.5341622259948,0,"Miss!
-$1.50",-61.5,159.43397037899558,9999,1,yes,no,no,0,2024-11-10_12h11.38.107,MID1.1,59.93531181642252,
,,9999,1,2,Sun Nov 10 13:10:11 2024,14,loss.neut,167.86742999399576,0.71,-0.0,168.58783343899995,171.45219572600035,2,10.016431051997642,2905.412284742997,-61.5,,163.4514964810005,167.86718829500023,0,"Miss!
-$0.00",-61.5,169.4600825939997,9999,1,yes,no,no,0,2024-11-10_12h11.38.107,MID1.1,59.93531181642252,
,,9999,1,2,Sun Nov 10 13:10:21 2024,15,loss.neut,177.90270394599793,0.73,-0.0,178.64419429600093,181.48638089199812,4,12.033579480004846,2917.446312439999,-61.5,,173.46837878199585,177.90251039400027,0,"Miss!
-$0.00",-61.5,179.48523636599566,9999,1,yes,no,no,0,2024-11-10_12h11.38.107,MID1.1,59.93531181642252,
,,9999,1,2,Sun Nov 10 13:10:33 2024,16,loss.low,189.7704772579964,0.77,-1.5,190.55565879400092,193.55234724899492,6,14.050942103996931,2931.497526391002,-63.0,,185.50221975000022,189.77010571999563,0,"Miss!
-$1.50",-63.0,191.54393992299447,9999,1,yes,no,no,0,2024-11-10_12h11.38.107,MID1.1,59.93531181642252,
,,9999,1,2,Sun Nov 10 13:10:47 2024,17,reward.high,203.77034392600035,0.75,,204.52729885399458,207.5538462159966,6,14.000923820996832,2945.4987966889967,-63.0,,199.55351560100098,203.77001448800002,0,"Miss!
$0.00",-63.0,205.5570399549979,9999,1,yes,no,no,0,2024-11-10_12h11.38.107,MID1.1,59.93531181642252,
,,9999,1,2,Sun Nov 10 13:11:01 2024,18,reward.neut,218.03924235500017,0.77,,218.82788110799447,221.5880857919983,6,14.033831387998362,2959.5329474579994,-63.0,,213.55475620299694,218.03887844400015,0,"Miss!
$0.00",-63.0,219.57221265599946,9999,1,yes,no,no,0,2024-11-10_12h11.38.107,MID1.1,59.93531181642252,
,,9999,1,2,Sun Nov 10 13:11:15 2024,19,loss.low,231.82337641599588,0.79,-1.5,232.62419636699633,235.60553246500058,2,10.016623650000838,2969.5500180160016,-64.5,,227.58904270600033,231.82300638200104,0,"Miss!
-$1.50",-64.5,233.60825033099536,9999,1,yes,no,no,0,2024-11-10_12h11.38.107,MID1.1,59.93531181642252,
,,9999,1,2,Sun Nov 10 13:11:26 2024,20,loss.low,241.98996887699468,0.81,-1.5,242.81111296999734,245.6229016119978,2,10.034174123997218,2979.5845514979956,-66.0,,237.60601730599592,241.98980999799824,0,"Miss!
-$1.50",-66.0,243.62274253399664,9999,1,yes,no,no,0,2024-11-10_12h11.38.107,MID1.1,59.93531181642252,
,,9999,1,2,Sun Nov 10 13:11:36 2024,21,reward.high,251.92356136399758,0.77,,252.70963176099758,255.67369526199764,4,12.034466885997972,2991.6194166869973,-66.0,,247.6405881669998,251.92331613099668,0,"Miss!
$0.00",-66.0,253.66275091599528,9999,1,yes,no,no,0,2024-11-10_12h11.38.107,MID1.1,59.93531181642252,
,,9999,1,2,Sun Nov 10 13:11:48 2024,22,loss.high,264.1916220829953,0.73,-5.0,264.93239489499683,267.69267322599626,6,14.032574403005128,3005.6524412889994,-71.0,,259.6755136069987,264.1912472769982,0,"Miss!
-$5.00",-71.0,265.6940845229983,9999,1,yes,no,no,0,2024-11-10_12h11.38.107,MID1.1,59.93531181642252,
,,9999,1,2,Sun Nov 10 13:12:02 2024,23,reward.high,278.20889730899944,0.79,,279.01200931699714,281.7420574019998,2,10.033768761000829,3015.686514271001,-71.0,,273.7083829319963,278.208551224001,0,"Miss!
$0.00",-71.0,279.73525587900076,9999,1,yes,no,no,0,2024-11-10_12h11.38.107,MID1.1,59.93531181642252,
,,9999,1,2,Sun Nov 10 13:12:12 2024,24,reward.low,288.04301199600013,0.79,,288.84648949699476,291.77778760899673,2,10.04999212200346,3025.7369015549993,-71.0,,283.7425597580004,288.04271185700054,0,"Miss!
$0.00",-71.0,289.77611976099433,9999,1,yes,no,no,0,2024-11-10_12h11.38.107,MID1.1,59.93531181642252,
,,9999,1,2,Sun Nov 10 13:12:22 2024,25,reward.neut,298.22696791799535,0.79,,299.03057164799975,301.8105959129971,2,10.0339278179963,3035.771082624997,-71.0,,293.79279405099805,298.2266948069955,0,"Miss!
$0.00",-71.0,299.80983948699577,9999,1,yes,no,no,0,2024-11-10_12h11.38.107,MID1.1,59.93531181642252,
,,9999,1,2,Sun Nov 10 13:12:32 2024,26,reward.neut,308.2273988109955,0.81,,309.0481751019979,311.8455236219961,4,12.033855526999105,3047.8052133989986,-71.0,,303.826999633995,308.22722521399555,0,"Miss!
$0.00",-71.0,309.8439283889966,9999,1,yes,no,no,0,2024-11-10_12h11.38.107,MID1.1,59.93531181642252,
,,9999,1,2,Sun Nov 10 13:12:44 2024,27,loss.high,320.1117002749961,0.75,-5.0,320.8810728889948,323.8783906929966,6,14.017939365003258,3061.8234304889993,-76.0,,315.86112503500044,320.11140061499464,0,"Miss!
-$5.00",-76.0,321.8813616069965,9999,1,yes,no,no,0,2024-11-10_12h11.38.107,MID1.1,59.93531181642252,
,,9999,1,2,Sun Nov 10 13:12:58 2024,28,loss.high,334.1958959709955,0.77,-5.0,334.98205723799765,337.92927933299507,4,12.051337864999368,3073.8751492079973,-81.0,,329.879449469001,334.1957584970005,0,"Miss!
-$5.00",-81.0,335.9127097579985,9999,1,yes,no,no,0,2024-11-10_12h11.38.107,MID1.1,59.93531181642252,
,,9999,1,2,Sun Nov 10 13:13:10 2024,29,loss.low,346.1301768009944,0.83,-1.5,346.9675302339965,349.9469795549958,6,14.017006849993777,3087.892672643997,-82.5,,341.9313141370003,346.1298727619942,0,"Miss!
-$1.50",-82.5,347.95066362699436,9999,1,yes,no,no,0,2024-11-10_12h11.38.107,MID1.1,59.93531181642252,
,,9999,1,2,Sun Nov 10 13:13:24 2024,30,reward.low,360.1808594719987,0.81,,361.00217704399984,363.9662834779956,2,10.032525602997339,3097.925534199996,-82.5,,355.9486540500002,360.1806282339967,0,"Miss!
$0.00",-82.5,361.96743644899834,9999,1,yes,no,no,0,2024-11-10_12h11.38.107,MID1.1,59.93531181642252,
,,9999,1,2,Sun Nov 10 13:13:34 2024,31,reward.high,370.016203577994,0.81,,370.83709478099627,373.99862355799996,4,12.018277007002325,3109.9440979739957,-82.5,,365.9814512929952,370.0158294349967,0,"Miss!
$0.00",-82.5,371.9985479169991,9999,1,yes,no,no,0,2024-11-10_12h11.38.107,MID1.1,59.93531181642252,
,,9999,1,2,Sun Nov 10 13:13:46 2024,32,loss.low,382.2000612560005,0.85,-1.5,383.0694965309958,386.04922001499654,6,14.050611405000382,3123.9951676420023,-84.0,,378.0001980579982,382.1997790210007,0,"Miss!
-$1.50",-84.0,384.03616496899485,9999,1,yes,no,no,0,2024-11-10_12h11.38.107,MID1.1,59.93531181642252,
,,9999,1,2,Sun Nov 10 13:14:00 2024,33,loss.neut,396.46661410399975,0.75,-0.0,397.22224881599686,400.0834749869973,4,12.032840945001226,3136.0284621179962,-84.0,,392.0512709839968,396.4663480599993,0,"Miss!
-$0.00",-84.0,398.07055020499683,9999,1,yes,no,no,0,2024-11-10_12h11.38.107,MID1.1,59.93531181642252,
,,9999,1,2,Sun Nov 10 13:14:12 2024,34,loss.neut,408.2009749969948,0.77,-0.0,408.9865720269954,412.1012363419941,6,14.01712449999468,3150.045869103,-84.0,,404.0843876689978,408.20083299399994,0,"Miss!
-$0.00",-84.0,410.1009374579953,9999,1,yes,no,no,0,2024-11-10_12h11.38.107,MID1.1,59.93531181642252,
,,9999,1,2,Sun Nov 10 13:14:26 2024,35,loss.high,422.46923669999524,0.79,-5.0,423.2714560309978,426.13641307399666,6,14.050570446001075,3164.0967018609954,-89.0,,418.10177318399656,422.468970558999,0,"Miss!
-$5.00",-89.0,424.1389693519959,9999,1,yes,no,no,0,2024-11-10_12h11.38.107,MID1.1,59.93531181642252,
,,9999,1,2,Sun Nov 10 13:14:40 2024,36,reward.neut,436.6530728259968,0.83,,437.4890387439955,440.16958666499704,6,14.017288005001319,3178.1142648199966,-89.0,,432.1526153329978,436.6527941280001,0,"Miss!
$0.00",-89.0,438.1729511109952,9999,1,yes,no,no,0,2024-11-10_12h11.38.107,MID1.1,59.93531181642252,
,,9999,1,2,Sun Nov 10 13:14:54 2024,37,loss.high,450.5870958079977,0.81,-5.0,451.40666716199485,454.20405200199457,6,14.034146958001656,3192.1487174079957,-94.0,,446.17021181699965,450.58684845699463,0,"Miss!
-$5.00",-94.0,452.19063240899413,9999,1,yes,no,no,0,2024-11-10_12h11.38.107,MID1.1,59.93531181642252,
,,9999,1,2,Sun Nov 10 13:15:08 2024,38,reward.low,464.6381295309984,0.83,,465.4773904899994,468.25470212000073,2,10.051541200002248,3202.200555992,-94.0,,460.2046511869994,464.63786016499944,0,"Miss!
$0.00",-94.0,466.2449743859979,9999,1,yes,no,no,0,2024-11-10_12h11.38.107,MID1.1,59.93531181642252,
,,9999,1,2,Sun Nov 10 13:15:18 2024,39,loss.high,474.5069143829969,0.83,-5.0,475.34222814299574,478.28913394799747,4,12.032610374000797,3214.2335911499977,-99.0,,470.2566276719954,474.5065450599941,0,"Miss!
-$5.00",-99.0,476.27658006300044,9999,1,yes,no,no,0,2024-11-10_12h11.38.107,MID1.1,59.93531181642252,
,,9999,1,2,Sun Nov 10 13:15:30 2024,40,loss.neut,486.78993687399634,0.79,-0.0,487.5952258649995,490.307628347,4,12.018181371000537,3226.2520845280014,-99.0,,482.28953986199485,486.78967253799783,0,"Miss!
-$0.00",-99.0,488.31047595199925,9999,1,yes,no,no,0,2024-11-10_12h11.38.107,MID1.1,59.93531181642252,
,,9999,1,2,Sun Nov 10 13:15:42 2024,41,loss.neut,498.64186796300055,0.81,-0.0,499.45964557000116,502.340953713996,2,10.048976828999002,3236.3014779559962,-99.0,,494.3081510869961,498.6416556289987,0,"Miss!
-$0.00",-99.0,500.3249154399964,9999,1,yes,no,no,0,2024-11-10_12h11.38.107,MID1.1,59.93531181642252,
,,9999,1,2,Sun Nov 10 13:15:52 2024,42,loss.high,508.42452679100097,0.85,-5.0,509.2931640099996,512.3909516169952,2,10.034992020999198,3246.3367393189983,-104.0,,504.35738298999786,508.42427245799627,0,"Miss!
-$5.00",-104.0,510.38214811399666,9999,1,yes,no,no,0,2024-11-10_12h11.38.107,MID1.1,59.93531181642252,
,,9999,1,2,Sun Nov 10 13:16:02 2024,43,reward.high,518.8588671949983,0.83,,519.6948315279951,522.4097100500003,4,12.032765333002317,3258.3699262989976,-104.0,,514.3928055559954,518.8585362459999,0,"Miss!
$0.00",-104.0,520.4120349869991,9999,1,yes,no,no,0,2024-11-10_12h11.38.107,MID1.1,59.93531181642252,
,,9999,1,2,Sun Nov 10 13:16:14 2024,44,loss.neut,530.5928237869957,0.83,-0.0,531.4285903659984,534.4442842489952,4,12.035058665998804,3270.4053196120003,-104.0,,526.4258965059998,530.5925635719977,0,"Miss!
-$0.00",-104.0,532.4463982719972,9999,1,yes,no,no,0,2024-11-10_12h11.38.107,MID1.1,59.93531181642252,
,,9999,1,2,Sun Nov 10 13:16:26 2024,45,loss.neut,542.6115980159957,0.85,-0.0,543.4821747069946,546.4937861159997,2,10.0488762840032,3280.4547725640005,-104.0,,538.4615409789985,542.6108744909943,0,"Miss!
-$0.00",-104.0,544.4937699879956,9999,1,yes,no,no,0,2024-11-10_12h11.38.107,MID1.1,59.93531181642252,
,,9999,1,2,Sun Nov 10 13:16:36 2024,46,reward.high,552.7454923709956,0.85,,553.6152068890005,556.5609081739967,4,12.05065577300411,3292.505754382997,-104.0,,548.5107386329983,552.7451186760009,0,"Miss!
$0.00",-104.0,554.5486365309989,9999,1,yes,no,no,0,2024-11-10_12h11.38.107,MID1.1,59.93531181642252,
,,9999,1,2,Sun Nov 10 13:16:48 2024,47,reward.neut,564.6962941399979,0.85,,565.5511242789944,568.5629629619943,4,12.017239875000087,3304.5232989989963,-104.0,,560.5616928829986,564.6959196850003,0,"Miss!
$0.00",-104.0,566.5616939690008,9999,1,yes,no,no,0,2024-11-10_12h11.38.107,MID1.1,59.93531181642252,
,,9999,1,2,Sun Nov 10 13:17:00 2024,48,reward.low,576.6457646950003,0.85,,577.5030110169973,580.5962372840004,2,10.01779635699495,3314.541500154999,-104.0,0.7800000000000002,572.5793462559959,576.6455333989943,0,"Miss!
$0.00",-104.0,578.5961253360001,9999,1,yes,no,no,0,2024-11-10_12h11.38.107,MID1.1,59.93531181642252,
